SUPPLIER_ID,SUPPLIER_NAME,SUPPLIER_CONTACT
17,"A Priori",apriori@spirits.com
26,Ambiente,contact@ambiente.com
24,"Austin Beerworks",beerworks@austin.com
8,"Ben E Keith",contact@benekeith.com
12,Bonnecaze,sales@bonnecaze.com
32,Brown,contact@brown.com
21,"Cocktail Kingdom",cocktailkingdom@cocktails.com
20,"David Mayfield Selections",david@mayfieldselections.com
3,"Favorite Brands",support@favoritebrands.com
25,"Favorite Brands Beer & Wine",contact@favoritebrandsbeerwine.com
18,Flood,flood@beverages.com
28,Gama,contact@gama.com
34,"Genji Sake",contact@genjisake.com
13,"Global Quality Imports",info@globalqualityimports.com
16,"Green Light Distribution",greenlight@distribution.com
33,HEB,contact@heb.com
35,"Henderson Selections",contact@hendersonselections.com
30,"Kwik Ice",contact@kwikice.com
19,Mexcor,mexcor@distributors.com
22,Midstate,midstate@wholesale.com
4,"Pangea Selections LLC",sales@pangeaselections.com
27,"Parker Wolf",contact@parkerwolf.com
10,Pioneer,pioneer@beverages.com
29,"Random House",contact@randomhouse.com
6,Republic,orders@republic.com
1,"Restaurant Depot",contact@restaurantdepot.com
31,"Sake Hana",contact@sakehana.com
14,Serendipity,contact@serendipity.com
5,"Southern Glazers Wine & Spirits",sales@sgws.com
7,Splurge,splurge@spirits.com
23,"Texas Tru",texastru@beverages.com
11,"True Fabrications",true@fabrications.com
2,"Twelve Twenty Four",info@twelvetwentyfour.com
15,Victory,victory@victoryspirits.com
9,Virtuoso,info@virtuoso.com
